Title,User,Key
Win A Trip To London and Rule Over Parliament!,TomCasey,TC1
Win Amsterdam Accommodations,TomCasey,TC2
Win a Tropical Caribbean Vacation,TomCasey,TC3
Win an Unbelievable Stay at Niagra Falls,TomCasey,TC4
Win a Tropical Caribbean Vacation,MelissaBrady,MB1
Win Amsterdam Accommodations,MelissaBrady,MB2
Win A Trip To London and Rule Over Parliament!,MelissaBrady,MB3
Win an Unbelievable Stay at Niagra Falls,MelissaBrady,MB4
Win Amsterdam Accommodations,MollyTravels,MT1
Win an Unbelievable Stay at Niagra Falls,MollyTravels,MT2
Win a Tropical Caribbean Vacation,MollyTravels,MT3
Win A Trip To London and Rule Over Parliament!,MollyTravels,MT4
