UUID,Title,Image,Synopsis,Author,Duration,Guidance,Quote,Cited,Supplemental,Video
7E45E114-26B1-4076-A51C-344FBFF6DC31,The Clampetts Strike Oil,The-Clampetts-Strike-oil.jpg,"A rural Ozark family relocates to Beverly Hills after oil is discovered on their property worth $25 million. After finding oil on the land, the family is surprised when Mr. Brewster (Frank Wilcox) of the OK Oil Company offers to buy it. After much coaxing by Cousin Pearl (Bea Benaderet), Jed (Buddy Ebsen) sells the swamp and moves the family to a mansion in Beverly Hills. Upon their arrival, they are arrested because of a case of mistaken identity but are later returned to the mansion safely.",Paul Henning,21:01,PG,"""You know Granny, that's one of them air fields, sets up in the air.""",Jed,,https://www.youtube.com/watch?v=XQu8TTBmGhA
813DBA56-6598-42D8-AAC7-2B1DA327C83A,Getting Settled,Getting-Settled.jpg,The rough-hewn Clampetts are mistaken for servants as they try to adapt to their new environment.,Paul Henning,21:19,PG,,,,https://www.youtube.com/watch?v=XQu8TTBmGhA
2FA664C4-4B52-467C-B374-1A684C34B446,"Meanwhile, Back at the Cabin",Meanwhile-back-at-the-cabin.jpg,"Jane Hathaway finds that making the Clampetts more sophisticated will be harder than expected, while Pearl Bodine tries to get the attention of Mr. Brewster.",Paul Henning,20:42,PG,,,"The series opener shows just how appealing money can be, especially to the Clampetts. Selling thier oil rich swamp for millions leads them to the strange new place of Beverly Hills.",https://www.youtube.com/watch?v=XQu8TTBmGhA
A7310E36-EF8B-46A1-90CE-D0B6EE02A93A,The Clampetts Meet Mrs. Drysdale,The-Clampetts-meet-Mr.-Drysdale.jpg,Mr. Drysdale tries furiously to make the Clampetts more acceptable to his socially-conscious wife.,Paul Henning,20:25,PG,,,,https://www.youtube.com/watch?v=XQu8TTBmGhA
EFC059E9-250D-4AA3-84FD-FFFE7D0010D6,Jed Buys Stock,Jed-buys-Stock.jpg,"Upon Mr. Drysdale's advice to buy good stock, Jed purchases cows, pigs, and chickens to raise.",Paul Henning,20:52,PG,,,,https://www.youtube.com/watch?v=XQu8TTBmGhA
654125C5-771A-4B3D-BAAA-851E464232E8,Trick or Treat,Trick-or-Treat.jpg,"The homesick Clampetts decide to go door-to-door meeting their Beverly Hills neighbors, not knowing it is Halloween.",Paul Henning,20:44,PG,,,,https://www.youtube.com/watch?v=XQu8TTBmGhA
0335CC21-3CE8-4589-BA9D-BAAFE637D3C6,The Servants,The-Servants.jpg,"Yet another Drysdale attempt to ""reform"" the Clampetts goes awry when he tries to loan his servants to the hard-working family.",Paul Henning,21:02,PG,,,,https://www.youtube.com/watch?v=XQu8TTBmGhA
A9B15F98-F428-4307-8BF6-F2C7B8A3CDDC,Jethro Goes to School,Jethro-Goes-To-School.jpg,The headmistress (Eleanor Audley) of an exclusive private school for boys is astonished to find the teenaged Jethro enrolled in her fifth grade.,Paul Henning,21:12,PG,,,,https://www.youtube.com/watch?v=XQu8TTBmGhA
57BEB5CF-C4D6-4016-807E-9C5F1110BF59,Jed Gets the Misery,Jed-Gets-The-Misery.jpg,Jed pretends to be sick so that granny can get to doctoring and feel more at home. Mr Drysdale and his physician get pulled into the ploy and Granny's mountain medicine is put to the test by a city doctor.,Paul Henning & Mark Tuttle,21:15,PG,"""I opened the window, but, but I didn't breathe. Oh, I swear it! I held my breath, didn't I Mr. Clampett?""",Drysdale,,https://www.youtube.com/watch?v=XQu8TTBmGhA
396A43C4-C574-4196-BF04-BA48B248C6EB,Hair-Raising Holiday,Hair-Raising-Holiday.jpg,Jed pretends to be sick so that granny can get to doctoring and feel more at home. Mr Drysdale and his physician get pulled into the ploy and Granny's mountain medicine is put to the test by a city doctor.,Paul Henning & Mark Tuttle,21:12,PG,,,"Jed cheers up Grannie by pretending to be sick so she can doctor him. Soon Drysdale and his doctor, Clyburn, are subject to her methods as well.",https://www.youtube.com/watch?v=XQu8TTBmGhA
03A3D6F6-EFAB-44F9-A4AE-09562EDE3400,Elly Starts to School,Elly-Starts-to-School.jpg,Miss Hathaway's worry that Elly May won't fit in at a private school proves to be premature.,Paul Henning & Mark Tuttle,21:14,PG,,,,https://www.youtube.com/watch?v=XQu8TTBmGhA
AF75E972-959D-48BB-944C-36727409E17D,The Clampett Look,The-Clampett-Look.jpg,The Clampetts unwittingly become the pioneers of a fashion style that everybody who's everybody is wearing.,Paul Henning & Mark Tuttle,21:22,PG,,,,https://www.youtube.com/watch?v=XQu8TTBmGhA
EC512DF6-F694-4598-8468-77DD78B77CF6,Jethro's First Love,Jethro's-First-Love.jpg,"Jethro develops feelings for an exotic dancer named Chickadee (Barbara Nichols), and brings her home to meet the folks.",Paul Henning & Mark Tuttle,20:47,PG,,,,https://www.youtube.com/watch?v=XQu8TTBmGhA
59978C8E-80D1-43B6-BE31-F984E7763FDA,Chickadee Returns,Chickadee-Returns.jpg,"As marriage seemingly draws nearer, Jethro discovers a deal-breaking secret about Chickadee: she can't cook.",Paul Henning & Mark Tuttle,21:14,PG,,,,https://www.youtube.com/watch?v=XQu8TTBmGhA
3A7DB9FE-E5D1-46EB-A50F-52BF80713D58,The Clampetts Are Overdrawn,The-Clampetts-Are-Overdrawn.jpg,"An unemployed actor named J.D. Clampett benefits from a paperwork mixup at the bank, becoming $36 million richer.",Paul Henning & Mark Tuttle,21:15,PG,,,,https://www.youtube.com/watch?v=XQu8TTBmGhA
D2A6BBEC-818E-4C00-9AD3-1EADDCFA101E,The Clampetts Go Hollywood,The-Clampetts-go-to-Hollywood.jpg,"Newly-discovered ""cousin"" Jake Clampett decides that the hillbillies should act more like Hollywood movie stars (Jake purchases a brand new 1964 Imperial convertible to improve Jed's image, but the car is never seen again – the Clampett family truck is Jed's choice of vehicle).",Paul Henning & Mark Tuttle,21:05,PG,,,,https://www.youtube.com/watch?v=XQu8TTBmGhA
9A28A071-8EA6-4075-8541-42658D13E867,Jed Becomes A Movie Mogul,Jed-Becomes-a-Movie-Mogul.jpg,"Jed purchases a movie studio, leading him to meet many stars and Elly May to try her hand on the silver screen.",Paul Henning & Mark Tuttle,21:01,PG,"""Now Miss Jane, ain't no call to go mean mouthin' me.""",Jed,,https://www.youtube.com/watch?v=XQu8TTBmGhA
0D5EE00E-7BC1-4F3E-A983-5C49AE00001E,Clampett City,Clampett-City.jpg,The Western set on the backlot of their movie studio provides the Clampetts with a taste of home.,Paul Henning & Mark Tuttle,21:05,PG,,,,https://www.youtube.com/watch?v=XQu8TTBmGhA
071998C1-B74E-4BD4-B9EF-DAE14496BC1C,Clampett City General Store,Clampett-City-General-Store.jpg,"As the Clampetts open the ""general store"" on their Western set to customers, Jethro, Elly May, and Granny are cast in a picture about Nero and Cleopatra.",Paul Henning & Mark Tuttle,21:17,PG,,,Chaplin tries to impress Jed and his clan by showing him a new picture and putting Elly in movies. She doesn’t do well and scares Sir Trevor out.,https://www.youtube.com/watch?v=XQu8TTBmGhA
F4024AF4-B09B-4D93-B380-C87ACA70E804,Hedda Hopper's Hollywood,Hedda-Hopper-Hollywood.jpg,"Famed Hollywood gossip columnist Hedda Hopper urges Jed not to allow the historic movie studio to be torn down, but changes her mind when she sees the film the Clampetts have made there.",Paul Henning & Mark Tuttle,21:23,PG,,,,https://www.youtube.com/watch?v=XQu8TTBmGhA
47571D9B-255D-4922-9E5F-37461FDECA42,Doctor Jed Clampett,Doctor-Jed-Clampett.jpg,"Jed receives an honorary doctorate, but the family thinks he now has the power to heal.",Paul Henning & Mark Tuttle,21:12,PG,,,,https://www.youtube.com/watch?v=XQu8TTBmGhA
44EFD134-57A3-42C4-AC52-D02A56CB4604,Jed the Heartbreaker,Jed-the-Heartbreaker.jpg,"Mrs. Drysdale decides to use her womanly charms on Jed, in an effort to scare the Clampetts back to the hills.",Paul Henning & Mark Tuttle,21:23,PG,,,"Drysdale has hopes that Jed will buy a yacht and join the yacht club with him. The Clampetts are all ready to go, except for Granny who has been listening to Jethro and is now afraid of drowning and sharks.",https://www.youtube.com/watch?v=XQu8TTBmGhA
ED11A703-4DD9-4369-A588-5816A1230E8A,Back to Marineland,Back-to-Marineland.jpg,"After being turned down in his aspiration to be a ""double naught spy"", Jethro decides to join the Marines by getting a job at Marineland.",Paul Henning & Mark Tuttle,20:56,PG,,,,https://www.youtube.com/watch?v=XQu8TTBmGhA
D3183667-1EF9-4A6A-88A8-1216C373A33F,Teenage Idol,Teenage-Idol.jpg,"Teen singing sensation Johnny Poke, a friend from back in the hills, visits the Clampetts. Alan Reed guest stars.",Paul Henning & Mark Tuttle,21:11,PG,,,,https://www.youtube.com/watch?v=XQu8TTBmGhA
2587DD89-D9B7-4583-AA0F-81A2596A3AF8,Admiral Jed Clampett,Admiral-Jed-Clampett.jpg,Granny's fear of sharks makes her reluctant to go yachting with the rest of the family. (This is the first episode filmed and aired in color).,Paul Henning & Mark Tuttle,21:12,PG,"""Tell her that even if the shark does get her, it's quicker than drownin'.""-",Jethro,,https://www.youtube.com/watch?v=XQu8TTBmGhA
54031E7B-A0BA-40C3-B8AF-FFB623BF3BAA,That Old Black Magic,That-Old-Black-Magic.jpg,Granny thinks her study of astrology has turned Mrs. Drysdale into a bird.,Ronny Pearlman,21:16,PG,,,,https://www.youtube.com/watch?v=XQu8TTBmGhA
05C01A60-E4FF-4878-966B-936540FA919D,The Sheik,The-Sheik.jpg,"Jethro appreciates Arabic culture when Jed's new oil partner, a sheikh, arrives with his harem.",Paul Henning & Mark Tuttle,21:16,PG,,,,https://www.youtube.com/watch?v=XQu8TTBmGhA
4A8C5414-5C21-4973-ADE8-A657466E6468,The Private Eye,The-Private-Eye.jpg,"Jethro's attempt to become a ""double naught spy"" unwittingly leads him to foil a bank robbery.",Paul Henning & Mark Tuttle,21:16,PG,,,,https://www.youtube.com/watch?v=XQu8TTBmGhA
6B76154B-8E25-47DC-ADB6-EF45A59334E9,Possum Day,Possum-day.jpg,Mr. Drysdale tries to get the city of Beverly Hills to celebrate Possum Day in order to keep the Clampetts from returning home.,Paul Henning & Mark Tuttle,21:07,PG,,,"Granny and Jethro return to Elly and Jed, who has been suffering his daughter’s cooking for a while, from visiting Pearl back home. Granny returns with presents and a new device – a telephone.",https://www.youtube.com/watch?v=XQu8TTBmGhA
2E79B7E4-292E-4346-9A51-76CEFB465FF5,The Possum Day Parade,The-Possum-Day-Parade.jpg,Granny campaigns dirty against Mrs. Drysdale for the title of Possum Queen.,Paul Henning & Mark Tuttle,21:09,PG,,,,https://www.youtube.com/watch?v=XQu8TTBmGhA
148B4CD7-0A65-4A2B-8FB6-C3A1C1918FA8,The Clampetts Play the Rams,The-Clampetts-Play-The-Rams.jpg,"Jethro's date, Mr. Drysdale's maid, is more interested in watching his color television than in him.",Paul Henning & Mark Tuttle,21:12,PG,,,,https://www.youtube.com/watch?v=XQu8TTBmGhA
269D5C1E-C2D9-48F8-8978-1CED737D0CCB,The Courtship of Elly,The-Courtship-of-Elly.jpg,Granny's love potion for Elly May affects Miss Jane's boyfriend.,Paul Henning & Mark Tuttle,21:03,PG,,,,https://www.youtube.com/watch?v=XQu8TTBmGhA
7A9D367E-12B9-4A3D-BFDA-7D54C7015DB3,The Party Line,The-Party-line.jpg,Granny and Jethro return from visiting the hills with an old-fashioned telephone to communicate with home.,Paul Henning & Mark Tuttle,21:11,PG,"""Well, Granny left enough vittles for a couple of weeks. But since that run out, its been mostly roots and berries. And they is a squirrel I'm right beholdin' to for nuts.""",Jed,,https://www.youtube.com/watch?v=XQu8TTBmGhA
ED1374BC-1B86-4B9B-9B4B-49FF94409E93,The Soup Contest,The-Soup-Contest.jpg,"In an attempt to attract suitors for Elly May, Granny enters some of her own soup in a contest under the girl's name.",Paul Henning & Buddy Atkinson,21:08,PG,,,,https://www.youtube.com/watch?v=XQu8TTBmGhA
BD175146-AB15-47BA-8575-88EAF86F9D89,Jethro Takes Love Lessons,Jethro-Takes-Love-Lessons.jpg,"Despite getting advice from an expert, Jethro remains unlucky at romance.",Mark Tuttle & Ronny Pearlman,21:20,PG,,,,https://www.youtube.com/watch?v=XQu8TTBmGhA
D5B587CD-7A7C-49FB-A8EC-0FC9E4392A47,The Badger Game,The-Badger-Game.jpg,A young girl posing as an acquaintance from back home tries to blackmail Jed with some compromising photographs.,Paul Henning & Buddy Atkinson,21:24,PG,,,,https://www.youtube.com/watch?v=XQu8TTBmGhA
DC6D5489-E735-4BFF-8769-6B630E57D9C1,The Badgers Return,The-Badgers-Return.jpg,A pair of con artists use the Clampetts' unwitting assistance to try to blackmail Mr. Drysdale.,Paul Henning & Buddy Atkinson,21:16,PG,,,,https://www.youtube.com/watch?v=XQu8TTBmGhA
39ACABCF-AC6A-4077-8F7A-8A20E619814E,The Gorilla,The-Gorilla.jpg,"After the Clampetts request a gorilla to help out with housework, Mr. Drysdale hires a man in a costume to change their minds.",Paul Henning & Buddy Atkinson,21:07,PG,,,,https://www.youtube.com/watch?v=XQu8TTBmGhA
15CB07D3-614F-41F3-9DB9-FDC3DCB20316,"Come Back, Little Herbie",Come-back-Little-Herbie.jpg,The man in the gorilla costume takes advantage of the Clampett's lifestyle when he's supposed to be working.,Paul Henning & Buddy Atkinson,21:15,PG,,,"Jethro even makes Granny wear an oaf costume, since she doesn't have Clampett blood. Drysdale and Jane visit, and Jane tells the Clampetts that what Jethro is telling them is wrong. But after Drysdale paints a picture for Jane, the two convince the Clampetts to go, even providing an oaf for Jethro, Miss Jane. After Jethro finally makes Granny ""royalty,"" the clan, dressed in normal clothes, goes to get their passports.",https://www.youtube.com/watch?v=XQu8TTBmGhA
400C7007-9B0A-4F9C-9D31-34509031F02F,Jed in Politics,Jed-in-Politics.jpg,"The government tells Granny to stop making her lye soap because it is causing smog, so Jed decides to run for the office of Smog Commissioner.",Mark Tuttle & Ronny Pearlman,21:12,PG,,,,https://www.youtube.com/watch?v=XQu8TTBmGhA
8BACA028-E14F-4762-AB1F-E6FB10E7F789,Jed Inherits A Castle,Jed-Inherits-A-Castle.jpg,"Jethro informs Jed that he has acquired a castle in England, after hearing the word from Drysdale. He gets costumes from Tudor times, thinking that Queen Elizabeth I is still ruling.",Paul Henning & Buddy Atkinson,21:04,PG,"""And there is no debtors prison. No torture for those overdrawn at the bank.""",Jane,,https://www.youtube.com/watch?v=XQu8TTBmGhA
778CAF30-7E07-47C7-BF69-8DA4746CE159,The Clampetts In London,The-Clampetts-In-London.jpg,"The Clampetts are on the plane to England, with ""Sir Jethro"" as their leader. But with this comes a detour. The Clampetts get off the aeroplane in San Francisco, after Jethro presumes it is England.",Paul Henning & Buddy Atkinson,21:10,PG,,,,https://www.youtube.com/watch?v=XQu8TTBmGhA
1380E932-21A1-4FA3-B761-3B5FF2E39CAB,Mr Universe Muscles In,Mr-Universe-Muscles-In.jpg,"Elly is preparing for her date with Troy Apollo, which was set up by John Cushing from the Merchant's Bank.",Mark Tuttle & Deborah Haber,21:04,PG,,,,https://www.youtube.com/watch?v=XQu8TTBmGhA
938E19F9-D3CA-4A0D-B406-C9B323F50BA8,Greetings From The President,Greetings-From-The-President.jpg,"Just as the Clampetts are getting ready to go home to the hills, Jethro gets a draft notification from the President of the US.",Paul Henning & Buddy Atkinson,21:17,PG,,,,https://www.youtube.com/watch?v=XQu8TTBmGhA
3C25B57D-76BE-4F06-9CD5-A7895C19949D,The Army Game,The-Army-Game.jpg,An Army psychologist thinks Jethro is pretending to be crazy to avoid military service.,Paul Henning & Buddy Atkinson,21:24,PG,,,,https://www.youtube.com/watch?v=XQu8TTBmGhA
6401B5F2-39F9-46A6-8192-5BD2118B668F,A Plot for Granny,A-Plot-for-Granny.jpg,Jed's plan to buy Granny some land out in the country backfires when he mistakenly purchases a cemetery plot.,Paul Henning & Buddy Atkinson,21:16,PG,,,"After learning it was ships that have been sold, the Clampetts decide the Queen needs help, and they decide to take out their money and give it to the Her Majesty.",https://www.youtube.com/watch?v=XQu8TTBmGhA
4013CCAE-ABFD-429E-A397-197C8DD87119,The Social Climbers,The-Social-Climbers.jpg,Jed is aggressively courted by a young socialite widow from back in the hills.,Mark Tuttle & Deborah Haber,20:55,PG,,,,https://www.youtube.com/watch?v=XQu8TTBmGhA
528A3342-FA7C-4783-B987-C7C8E687D432,Jethro's Military Career,Jethro's-Military-Career.jpg,Jed thinks Granny has had too much moonshine when she mistakes Jethro in a frogman suit for a sea monster.,Paul Henning & Buddy Atkinson,21:18,PG,,,,https://www.youtube.com/watch?v=XQu8TTBmGhA
23BE59ED-4A0B-42FB-A059-AC1498CFA529,The Reserve Program,The-Reserve-Program.jpg,"Jethro mistakes a movie set as being the planning stages of a second Civil War, and runs home to warn Granny.",Paul Henning & Buddy Atkinson,21:15,PG,,,,https://www.youtube.com/watch?v=XQu8TTBmGhA
B021710F-D06B-4E31-93E9-25CB805D546A,The South Rides Again,The-South-Rides-Again.jpg,"Granny, Elly May, and Jethro take the fight to the enemy and rout the ""Yankee invaders"".",Paul Henning & Buddy Atkinson,21:14,PG,,,,https://www.youtube.com/watch?v=XQu8TTBmGhA
47B4B5EE-9CB7-4E97-BAE2-B322D06D12DE,A Bundle for Britain,A-Bundle-for-Britain.jpg,"The Clampetts feel that their eighty million dollars in the bank is a burden to Mr. Drysdale, so they decide to relieve him by giving it to the Queen of the United Kingdom.",Gene Thompson,20:55,PG,"""Did you ever try hitchhiking from the airport, wearing a suit of armor and totin' a buzzard?""",Jethro,,https://www.youtube.com/watch?v=XQu8TTBmGhA
A1232073-6C3F-413A-AB9F-EA70E72CFDEF,Something For the Queen,Something-For-The-Queen.jpg,"After flying to England and their castle, Granny decides the clan should reignite a year-old feud with the neighboring castle.
",Buddy Atkinson & Gene Thompson,21:18,PG,,,,https://www.youtube.com/watch?v=XQu8TTBmGhA
C3E099AD-C8DE-4325-B28C-882C2B19891C,War of the Roses,War-of-the-Roses.jpg,"Jethro determines that a joust is the best way to end the dispute between the neighboring castles, though everyone else thinks that they're just talking about the War of the Roses.",Buddy Atkinson & Gene Thompson,21:05,PG,,,,https://www.youtube.com/watch?v=XQu8TTBmGhA
EAF51C12-EBA3-46E4-B2F7-7295D46EDE17,Coming Through the Rye,Coming-Through-The-Rye.jpg,The Clampetts see a man in a kilt and believe Jethro has confused him for a young lady.,Buddy Atkinson & Gene Thompson,20:59,PG,,,"Granny is afraid of a mountain lion she sees in her root cellar, and Elly May reveals it is hers. But after reading the paper and seeing that Elverna Bradshaw’s daughter is getting married, Granny tells Jed they need to go home and return to the Hills to get Elly married first.",https://www.youtube.com/watch?v=XQu8TTBmGhA
F2705621-738B-402C-9E8F-28FD8604FD66,Ghost of Clampett Castle,Ghost-of-Clampett-Castle.jpg,"Mr. Drysdale dresses like a ghost, hoping to scare the Clampetts into returning to Beverly Hills.",Buddy Atkinson,21:11,PG,,,,https://www.youtube.com/watch?v=XQu8TTBmGhA
319EC8FF-B0FF-4055-B06E-3D99E3A35A7B,Granny Goes to Hooterville,Granny-goes-to-hooterville.jpg,Granny goes back to the hills to take care of a newborn baby,Buddy Atkinson & Dick Wesson,20:55,PG,,,,https://www.youtube.com/watch?v=XQu8TTBmGhA
5BFB2826-1715-45FA-9838-AB5B24FB4D0B,Back to the Hills,Back-to-The-Hills.jpg,Granny wants to return to the hills to find Elly May a husband.,Paul Henning & Dick Wesson,20:47,PG,"""I'll get you a bowl Miss Jane. I'm glad to see somebody else getting' some cereal. Jed has been stuffin' hisself all mornin'.""",Granny,,https://www.youtube.com/watch?v=XQu8TTBmGhA
8AE06C6D-064B-4A33-8115-4CE6814588CA,The Hills of Home,The-Hills-of-Home.jpg,"The Clampetts travel to the hills and meet up with nemesis Elverna Bradshaw, who makes a bet with Granny that her daughter will be married before Elly May.",Paul Henning & Dick Wesson,20:36,PG,,,,https://www.youtube.com/watch?v=XQu8TTBmGhA
431515C1-BACE-47FC-9F85-772070234AF7,Silver Dollar City Fair,Silver-Dollar-City-Fair.jpg,Granny goes to great lengths to get Elly a husband.,Paul Henning & Dick Wesson,20:45,PG,,,,https://www.youtube.com/watch?v=XQu8TTBmGhA
91D010B2-52BB-460C-B63C-950ED876C15B,Jane Finds Elly a Man,Jane-Finds-Elly-a-Man.jpg,Miss Jane discovers a prospective husband for Elly May while birdwatching.,Paul Henning & Dick Wesson,20:44,PG,,,,https://www.youtube.com/watch?v=XQu8TTBmGhA
3A62DFCB-8DC1-42CE-9F99-6317510FA905,Wedding Plans,Wedding-Plans.jpg,"Granny plans Elly May's wedding with her ""fiance"", and misunderstands his proposition.",Paul Henning & Dick Wesson,20:45,PG,,,,https://www.youtube.com/watch?v=XQu8TTBmGhA
9C7F904D-80DA-408F-9437-C54CD5D56515,Jed Buys Central Park,Jed-Buys-Central-Park.jpg,A grimy con man (Phil Silvers) tricks the Clampetts into buying Central Park.,Paul Henning & Dick Wesson,20:39,PG,,,,https://www.youtube.com/watch?v=XQu8TTBmGhA
4F736D9D-21D1-4839-A184-D047898D6CB7,The Clampetts in New York,The-Clampetts-in-New-York.jpg,"The family sees all the sights of New York, and attempts to set up a cabin in Central Park.",Paul Henning & Dick Wesson,20:41,PG,,,,https://www.youtube.com/watch?v=XQu8TTBmGhA
084299CE-60A2-4209-A5A0-300BCF604A5F,Manhattan Hillbillies,Manhattan-Hillbillies.jpg,"Granny has fun with a black Irish police officer (Sammy Davis, Jr.) while they are visiting in New York.",Paul Henning & Dick Wesson,20:11,PG,,,,https://www.youtube.com/watch?v=XQu8TTBmGhA
B1083263-5E1B-4F5D-860A-073E2BD63BCB,The Clampetts in Washington,The-Clampetts-in-Washington.jpg,"The con artists follow the Clampetts to Washington, and sell them the White House.",Paul Henning & Dick Wesson,21:18,PG,"""I'll likely be in the East Room or some place sittin' on his Cabinet.""",Jethro,"The Clampetts head to Washington D.C to give their money to the President, and Honest John and Flo follow.",https://www.youtube.com/watch?v=XQu8TTBmGhA
357F937D-E1D9-428C-AE6E-F81EC8C73DBF,Jed Buys the Capitol,Jed-buys-the-capitol.jpg,Jed gets swindled into buying the Capitol Building and the Clampetts are taken to a psych ward for evaluation.,Paul Henning & Dick Wesson,21:46,PG,,,,https://www.youtube.com/watch?v=XQu8TTBmGhA
BCA54B59-1D5A-4F4A-B92F-80087CE55C6D,Mark Templeton Arrives,Mark-Templeton-arrives.jpg,"Mark Templeton, a Navy frogman, arrives to court Elly May, but Granny misunderstands his profession and thinks he is half-human, half-frog.",Paul Henning & Dick Wesson,21:09,PG,,,,https://www.youtube.com/watch?v=XQu8TTBmGhA
A405F766-E722-45B3-B251-6FD24F14DE89,Don't Marry a Frogman,Don't-Marry-a-Frogman.jpg,Granny puts her medical knowledge to work trying to figure out a cure for being half-frog.,Paul Henning & Dick Wesson,21:03,PG,,,,https://www.youtube.com/watch?v=XQu8TTBmGhA
4FB8076E-0624-4E9F-A469-A280488DD1A9,"Doctor, Cure My Frog",Doctor-Cure-my-Frog.jpg,Granny is alarmed that Elly May and Jethro want to be frogmen like Mark.,Paul Henning & Dick Wesson,21:15,PG,,,,https://www.youtube.com/watch?v=XQu8TTBmGhA
0912DBF1-CFC1-4647-87EE-D1079A8FEC5E,Do You Elly Take This Frog?,Do-You-Elly-Take-This-Frog.jpg,"Granny is desperate to keep Elly May from going into the water with Mark, believing she too will turn into a frog.",Paul Henning & Dick Wesson,20:46,PG,,,,https://www.youtube.com/watch?v=XQu8TTBmGhA
4638EE6A-A6E1-41A0-9E2D-D9A3F19BC329,The Frog Family,The-Frog-Family.jpg,"To add to Granny's distress, Jed decides he too would like to be a frogman.",Paul Henning & Dick Wesson,21:17,PG,,,,https://www.youtube.com/watch?v=XQu8TTBmGhA
CA8CD517-2DA3-4527-B67D-51B563710522,Farm in the Ocean,Farm-in-the-Ocean.jpg,Mr. Drysdale and Granny team up to run the frogman away from Elly May,Paul Henning & Dick Wesson,21:31,PG,,,,https://www.youtube.com/watch?v=XQu8TTBmGhA
2DD5463C-6A29-484F-BFB8-EEE4EEFB0845,A Rose for Lotta,A-Rose-for-Lotta.jpg,Silver barons use an actress called Lotta Crabtree in a plot to hold Joe Cartwright hostage in exchange for timber wood.,David Dortort,0:43:41,PG,"""Hop Sing, you know you can't do that. Why if you left here, I'd waste away to a shadow. You know that.""",Hoss,,https://www.youtube.com/watch?v=XQu8TTBmGhA
11B94302-2221-4520-8BAB-576DC67C56AD,The Sun Mountain Herd,The-Sun-Mountain-Herd.jpg,A pair of greedy opportunists kiil antelope on Indian grounds and sell them for a large profit.,David Dortort and Gene L. Coon,0:43:46,PG,,,,https://www.youtube.com/watch?v=XQu8TTBmGhA
2359B0F1-01F7-4A41-8927-69966FB6CC72,The Newcomers,The-Newcomers.jpg,Hoss falls for the fiancee of a treacherous prospector who suspects the Cartwrights of hiding gold.,Thomas Thompson,0:43:44,PG,,,,https://www.youtube.com/watch?v=XQu8TTBmGhA
A1CD441E-3C2C-4317-B1AE-7DF72E56DC5A,The Paiute War,The-Paiute-War.jpg,A sinister trader starts a war with the Paiutes when he frames Adam for the assault of two Indian women.,Gene L. Coon,0:42:20,PG,,,"In the series opener, Ben refuses to sell the Ponderosa's timber to Alpheus Troy and his business cartel that wanting it for mine building.",https://www.youtube.com/watch?v=XQu8TTBmGhA
9E8D1EB2-5A78-4420-ACEC-69C753A55A0E,Enter Mark Twain,Enter-Mark-Twain.jpg,"As reporter Samuel Clemens, Mark Twain leads a fight against a corrupt judge.",Harold Shumate,0:43:23,PG,,,,https://www.youtube.com/watch?v=XQu8TTBmGhA
F0612B48-2446-485E-8B70-861272258433,The Julia Bulette Story,The-Julia-Bulette-Story.jpg,Joe falls for gold digger Julia Bulette.,Al C. Ward,0:43:25,PG,,,,https://www.youtube.com/watch?v=XQu8TTBmGhA
A77A4484-A190-40AB-9082-37A0010E5854,The Saga of Annie O'Toole,The-Saga-of-Annie-O'Toole.jpg,Annie O'Toole uses a filed claim to protect her gold mine.,Thomas Thompson,0:43:22,PG,,,,https://www.youtube.com/watch?v=XQu8TTBmGhA
29C71C04-4C18-4D68-B105-289A902BD9E9,The Philip Diedesheimer Story,The-Phillip-Diedesheimer-Story.jpg,Pied Pioer Philip Diedesheimer fails to get paid for saving the salt mines of Virginia City from a cave-in.,Thomas Thompson,0:44:36,PG,,,,https://www.youtube.com/watch?v=XQu8TTBmGhA
A5CF4C98-5994-42D7-B1D2-C2FE98E03A13,The Secret,The-Secret.jpg,"Joe is the victim of an elaborate frame-up, accused of murdering a pregnant girl.",John Hawkins,,PG,,,,https://www.youtube.com/watch?v=XQu8TTBmGhA
54061931-FA2C-4458-8189-AC84CD599BB4,The Dream Riders,The-Dream-Riders.jpg,"To finance his dream of constructing an airship capable of crossing the Atlantic, Ben's old friend plans to rob the Virginia City bank while diverting the citizens' attention with a hot air balloon.","James Van Wagoner, Jack McClain",0:47:15,PG,,,,https://www.youtube.com/watch?v=XQu8TTBmGhA
14E32620-5CE5-41CA-918A-21E6947B942E,Elizabeth My Love,Elizabeth-My-Love.jpg,"At the bedside of a seriously ill Adam, Ben thinks back to his days as a first mate in the merchant marines and his marriage to Adam's mother, Elizabeth Stoddard.",Anthony Lawrence,0:47:18,PG,,,,https://www.youtube.com/watch?v=XQu8TTBmGhA
E13A2B6D-5121-4DF6-A4AB-A539A862B229,Sam Hill,Sam-Hill.jpg,"Blacksmith Sam Hill fights to keep the land on which his mother is buried, after his drunken father signs the deed over to Colonel Tyson and his private army.",David Dortort,0:47:10,PG,,,,https://www.youtube.com/watch?v=XQu8TTBmGhA
619827A7-A8BE-42E6-B6C0-5873B6E3AE82,The Last Viking,The-Last-Viking.jpg,"Hoss meets his Uncle Gunnar for the first time, unaware that he commands a band of raiding comancheros.",Anthony Lawrence,0:49:23,PG,,,,https://www.youtube.com/watch?v=XQu8TTBmGhA
B4E5C34D-CBEA-4F06-B6EE-AF69159527F0,The Trail Gang,The-Trail-Gang.jpg,"On a cattle drive back to Nevada from Texas, Ben hires a young man who is both an outlaw and the son of the sheriff whose town the Ponderosa cowhands are entering.",Carey Wilber,0:49:17,PG,,,,https://www.youtube.com/watch?v=XQu8TTBmGhA
C03C01C8-0D33-4B72-96F1-35F77469D8DD,The Savage,The-Savage.jpg,"Adam's life is saved by a woman known to the Indians as White Buffalo Woman, but who is actually the daughter of Norwegian immigrants.","Joseph Stone, Paul King",0:49:23,PG,,,,https://www.youtube.com/watch?v=XQu8TTBmGhA
6311B278-FD28-48AB-BA15-4BC466AB6B8B,Silent Thunder,Silent-Thunder.jpg,Little Joe becomes friendly with a deaf-mute named Ann Croft and tries to teach her sign language.,John Furia,0:49:20,PG,,,,https://www.youtube.com/watch?v=XQu8TTBmGhA
FF4B227C-AC20-4920-A59A-E6F3F0C795AA,The Ape,The-Ape.jpg,"The Ape Hoss becomes friends with dull-witted Arnie Gurnie, who is a brute of a man with the mentality of a child. His temper scares everybody, including the Cartwrights.",Gene L. Coon,0:49:24,PG,,,,https://www.youtube.com/watch?v=XQu8TTBmGhA
F5730A64-0BBE-4C77-A8DC-0E0AE18CDD05,The Blood Line,The-Blood-Line.jpg,"Ben feels responsible for the son of a man he was forced to kill, but the young man is determined to get even. A professional gunman offers to do the job for him.","William Raynor, Myles Wilder",0:49:38,PG,,,,https://www.youtube.com/watch?v=XQu8TTBmGhA
77A2EDB4-3407-487F-987F-274F2B4960AE,Andy's Rival,Andys-Rival.jpg,"Opie has his first crush, who ignores him. Crestfallen he turns to Andy and Barney for advice. Barney steps in and tries to give him his advice about women.",Peter Baldwin,0:25:41,G,"""Of course Helen is lucky to have you too.""",Aunt Bee,,https://www.youtube.com/watch?v=XQu8TTBmGhA
AE7D10B5-F8D8-45CC-971D-983CD7537489,Malcolm at the Crossroads,Malcolm-at-the-Crossroads.jpg,"Malcolm Merriweather replaces Ernest T. Bass as school crossing guard, starting a conflict.",Gary Nelson,0:23:28,G,,,,https://www.youtube.com/watch?v=XQu8TTBmGhA
4B2F915B-A97D-4461-8C80-E6399FC476B3,"Aunt Bee, the Swinger",Aunt-Bee-the-Swinger.jpg,Aunt Bee and her new beau attempt to recapture their youth.,Larry Dobkin,0:24:27,G,,,Andy gets jealous when a big-city teacher arrives to work with Helen and ends up spending several evenings with her.,https://www.youtube.com/watch?v=XQu8TTBmGhA
5F7E1C4F-6B55-4E8B-8BCD-AF9803394881,The Bazaar,The-Bazaar.jpg,"Andy's new deputy, Warren Ferguson, arrests Aunt Bee and her friends for gambling at the church bazaar.",Sheldon Leonard,0:23:40,G,,,,https://www.youtube.com/watch?v=XQu8TTBmGhA
B9245AE5-6DC5-473E-A804-101CE4A012A0,A Warning from Warren,A-Warning-from-Warren.jpg,Warren believes a picnic will not go so well for Andy and Helen.,Alan Rafkin,0:24:22,G,,,,https://www.youtube.com/watch?v=XQu8TTBmGhA
DFE5A7F5-9778-4C17-A6A5-7021A5F57F66,Off to Hollywood,Off-to-Hollywood.jpg,The Taylors decide to take a trip to Hollywood after Andy is given a check from a studio that wants to make his life into a movie.,Alan Rafkin,0:24:20,G,,,,https://www.youtube.com/watch?v=XQu8TTBmGhA
8DC2AF28-0943-4EAF-893E-9749C558FDBC,Taylors in Hollywood,Taylors-in-Hollywood.jpg,"The Taylors visit the studio where the movie based on Andy's life, Sheriff Without a Gun, is being shot.",Alan Rafkin,0:24:28,G,,,,https://www.youtube.com/watch?v=XQu8TTBmGhA
99304B69-D11E-451E-BEBD-9FAC02EAB0F4,The Hollywood Party,The-Hollywood-Party.jpg,"Andy poses with a Hollywood starlet, jeopardizing his relationship with Helen.",Alan Rafkin,0:24:23,G,,,,https://www.youtube.com/watch?v=XQu8TTBmGhA
8F3A08A4-2326-43D0-895F-7BF4B3940A8F,Aunt Bee on TV,Aunt-Bee-on-TV.jpg,"Aunt Bee wins a lot of new appliances on a TV quiz show, but she loses her friends as a result.",Alan Rafkin,0:24:23,G,,,,https://www.youtube.com/watch?v=XQu8TTBmGhA
6577AC58-A156-4020-8B20-BBE9E351236D,The Cannon,The-Cannon.jpg,"Through sheer luck, Warren catches a pair of thieves with his supposed ""knowledge"" of cannons.",Alan Rafkin,0:24:18,G,,,,https://www.youtube.com/watch?v=XQu8TTBmGhA
4A6550B5-797C-462D-9A57-F8C210721947,The Sheriff of Smoke Tree,The-Sheriff-of-Smoke-Tree.jpg,No one in the town of Smoke Tree will take the job of Sheriff; they are too terrified to fight the Lem Carter gang. It is up to The Lone Ranger to step in and free the town from the gangâs iron fist.,Fran Striker,n/a,PG,,,"The Lone Ranger and Tonto go into action when a little mining camp proves too small, and a gang of gunfighters too tough, to permit a full time sheriff.",https://www.youtube.com/watch?v=XQu8TTBmGhA
3B24001B-DBFD-48C2-A8D4-4AD9BD8D2CD2,The Counterfeit Mask,The-Counterfeit-Mask.jpg,"A gunman the Lone Ranger helped convict and sent to prison takes revenge by posing in an identical Lone Ranger uniform to rob, pillage and murder.",Fran Striker,n/a,PG,,,,https://www.youtube.com/watch?v=XQu8TTBmGhA
2338120A-DA18-41E4-9280-B81C5B256D50,No Handicap,No-Handicap.jpg,The Lone Ranger and Tonto clash with a band of marauders that are terrorizing a wide area of the southwest,Fran Striker,n/a,PG,,,,https://www.youtube.com/watch?v=XQu8TTBmGhA
0C46B157-F883-4625-BB73-AE85B756E754,The Cross of Santo Domingo,The-Cross-of-Santo-Domingo.jpg,"The Lone Ranger and Tonto, riding through the desert, encounter outlaws who have stolen the golden, jeweled Cross of Santo Domingo.",Fran Striker,n/a,PG,,,,https://www.youtube.com/watch?v=XQu8TTBmGhA
AE95C975-B189-4381-8EBC-929E0F025B13,White Hawk's Decision,White-Hawks-Decision.jpg,The Lone Ranger and Tonto help an elderly Indian chief determine the future of his impoverished tribe through the choice of which son will succeed him.,Fran Striker,n/a,PG,,,,https://www.youtube.com/watch?v=XQu8TTBmGhA
F8446126-D7AC-4330-9DD2-F53FF884ED65,The Return of Don Pedro O'Sullivan,The-Return-of-Don-Pedro-OSullivan.jpg,The Lone Ranger impersonates two men in his efforts to help a Mexican patriot cross the border into Mexico to battle a dictator.,Fran Striker,n/a,PG,,,,https://www.youtube.com/watch?v=XQu8TTBmGhA
F673447C-4FF2-4D39-84DE-60438C8AF747,Calling Doctor Baxter,Calling-Dr-Baxter.jpg,"Bob tries to find a husband for his widowed sister, Margaret.",PHenning,0:25:24,PG,"""Every instinct says kill, kill, kill.""-Bob",Bob,,https://www.youtube.com/watch?v=XQu8TTBmGhA
F1D34FF0-55F4-4E25-8AD5-F715549C1177,Collins The Crooner,Collins-The-Crooner.jpg,A newspaper columnist reports that Bob is to record an album.,"PHenning, DWeson",0:25:25,PG,,,,https://www.youtube.com/watch?v=XQu8TTBmGhA
E174803D-BCB3-4DC8-934E-99853776D492,The Hot Dog Stand,The-Hot-Dog-Stand.jpg,"David, Wally, and Chuck take over management of the campus hot dog stand.","Ozzie, Don Nelson",0:29:29,PG,"""They won't let you eat in class""-Ozzie",Ozzie,,https://www.youtube.com/watch?v=XQu8TTBmGhA
263ADA6A-E347-4889-972C-51FF3091B64B,David and the Mermaid,Davi-And-The-Mermaid.jpg,David is in an ocean of trouble with June when he goes missing with a beautiful mermaid.,"Ozzie, Don Nelson",0:29:04,PG,,,"Managing the Hot dog stand seemed like a great idea, until the boys run into some unexpected trouble.",https://www.youtube.com/watch?v=XQu8TTBmGhA
88529856-5421-4D3E-AC93-15798A6FDF2A,Tonsils,tonsils.jpg,Riley visits the company doctor after swallowing a small fish bone. The doctor finds he's suffering from tonsillitis and needs an operation immediately.,Merwin Gerard,0:24:25,PG,"""It began here in the Allied bar and grille""-narrator",Narrator,,https://www.youtube.com/watch?v=XQu8TTBmGhA
9A228D0D-4313-4AF6-9991-20F405C409CD,Babs and Simon Step Out,babs-and-simon.jpg,"Riley's insistence that Babs has nothing to do with Simon comes between him and Babs. He forbids her to see him, then when she sneaks around behind his back, he chases Simon off. Both his wife and daughter are very upset with him.",Collier Young/Larry Marcus,0:26:22,PG,,,,https://www.youtube.com/watch?v=XQu8TTBmGhA
46A3572F-5E61-4C93-A56B-A7FC742E1DB6,Stampede at Tent City,Stampede-at-Tent-City.jpg,"Bat encounters a group of wranglers who are stealing horses. A old flame of Bat's asks him to rescue her current beau, accused of murder and shackled to a tree by a lynch mob led by the slain man's brother who leads the wranglers.",Frank Pitman,0:25:51,PG,"""Listen, I'm going to stay in your town or a while.""-Bat",Bat,,https://www.youtube.com/watch?v=XQu8TTBmGhA
9647A54A-A342-448C-A316-5484F46C0C2C,The Fighter,The-Fighter.jpg,"Bat wins the contract of a young fighter from his unscrupulous manager, then trains him for one honest fight, betting all his poker winnings on it. The boxer's former manager doesn't want a fair fight and plans to ensure the boxer loses.",Frank Pitman,0:25:52,PG,,,"On May 20, 1886 Bat arrives in Silverton, Colorado where he finds a fight in progress but when the manager of the fight ties the right arm of the younger fighter down, Bat soon intervenes as the young man takes a beating.",https://www.youtube.com/watch?v=XQu8TTBmGhA
037A4CF8-B79F-4338-B68E-E655744121DF,Goldie Crosses the Tracks,Goldie-Crosses-The-Tracks.jpg,"Goldie, a showgirl turned manicurist, becomes the guardian of three teenagers when she is named executrix of a millionaire's estate.",Stanley Roberts,0:25:40,PG,"""No, not you I was Talking to Nicky""-Dad",Dad,A talkative manicurist inherits a legacy and the custody of three children from a rich Wall Street broker customer.,https://www.youtube.com/watch?v=XQu8TTBmGhA
482BF8CA-394E-46B4-89DF-65C83C83F8CF,Art for Goldie's Sake,Art-For-Goldie's-Sake.jpg,Pat decides to move to Greenwich Village and to study art with a bunch of beatniks in spite of Goldie's objections.,Stanley Roberts,0:25:20,PG,"""I can lower myself with my shoelaces""-Goldie",Goldie,,https://www.youtube.com/watch?v=XQu8TTBmGhA
5FCF3C67-2384-48AC-B7F3-5E11388E0E20,High Fever,High-Fever.jpg,"Vickie insists that Gus receive medical treatment when he comes down with a low-grade temperature, but the only doctor she is able to locate is a wisecracking obstetrician.","George Tibbles, Bill Kelsay",0:24:38,PG,"""Honey, breakfast, sunnyside up!""-Vickie Angel",Vickie,"Big men are little boys, and little boys are husbands",https://www.youtube.com/watch?v=XQu8TTBmGhA
E312A14C-051D-4600-88DE-A6A8BEB182A3,The Tree in the Driveway,The-Tree-in-The-Driveway.jpg,Vickie gets the neighbors to sign a petition to stop the city from removing a tree from the parkway.,"George Tibbles, Bill Kelsay",0:26:08,PG,"""Nobody stays more than 20 minutes past coffe cake""-Vickie",Vickie,,https://www.youtube.com/watch?v=XQu8TTBmGhA